0,397495,967145,James,Mary,15349305949,542,073041897,accounts@James.com 

1,223154,560067,Robert,Patricia,15427097857,361,084190023,billing@Robert.com 

2,507043,890329,John,Jennifer,31174432239,179,083318380,accounts@John.com 

3,920674,536389,Michael,Linda,32562557344,766,076056783,info@Michael.co.uk 

4,325130,743977,David,Elizabeth,39005191197,954,073034937,info@David.com 

5,801367,614069,William,Barbara,51365420066,474,071396155,billing@William.co.uk 

6,370788,268876,Richard,Susan,13602890269,689,066023564,accounts@Richard.com 

7,593300,017336,Joseph,Jessica,34223539335,685,081849061,billing@Joseph.co.uk 

8,984067,615766,Thomas,Sarah,36166664410,434,067330197,info@Thomas.com 

9,818692,801296,Charles,Karen,55161398429,287,089835529,info@Charles.com 

10,847168,532067,Christopher,Lisa,38020720308,785,069390638,accounts@Christopher.com 

11,057624,505678,Daniel,Nancy,31499212949,360,086477507,info@Daniel.com 

12,201705,873208,Matthew,Betty,38027064318,269,077918863,accounts@Matthew.com 

13,423825,380466,Anthony,Margaret,30248789536,953,071602102,billing@Anthony.com 

14,398362,816080,Mark,Sandra,55262877756,309,063897586,accounts@Mark.co.uk 

15,770101,051073,Donald,Ashley,52994217370,603,084929497,accounts@Donald.com 

16,763000,735682,Steven,Kimberly,13354369580,893,069562347,billing@Steven.com 

17,737624,545562,Paul,Emily,13668746929,260,067675760,info@Paul.co.uk 

18,368809,543962,Andrew,Donna,10988788265,895,066214437,accounts@Andrew.com 

19,436557,238925,Joshua,Michelle,50719177658,366,089763568,billing@Joshua.com 

20,494057,634344,Kenneth,Carol,15347763530,903,072834598,accounts@Kenneth.com 

21,186345,052845,Kevin,Amanda,50971238040,725,084486352,accounts@Kevin.co.uk 

22,473434,716520,Brian,Dorothy,32757488106,1000,086995592,accounts@Brian.com 

23,003984,350437,George,Melissa,38405551949,240,080465973,billing@George.co.uk 

24,848116,031302,Timothy,Deborah,37289134277,533,064620916,info@Timothy.com 

25,703306,613700,Ronald,Stephanie,34785995875,606,083270262,info@Ronald.com 

26,217138,215497,Edward,Rebecca,59374372027,774,075351889,accounts@Edward.co.uk 

27,743258,495629,Jason,Sharon,52837033883,114,075051294,accounts@Jason.co.uk 

28,702716,140694,Jeffrey,Laura,16020663477,946,072662861,info@Jeffrey.co.uk 

29,908991,273580,Ryan,Cynthia,53466004249,921,078049204,accounts@Ryan.com 

30,893316,466073,Jacob,Kathleen,57861657950,936,073413908,billing@Jacob.com 

31,995124,340826,Gary,Amy,31204312310,184,067838367,billing@Gary.co.uk 

32,379766,481914,Nicholas,Angela,37195151089,415,064292366,info@Nicholas.com 

33,329242,822056,Eric,Shirley,34993743944,964,077330517,billing@Eric.com 

34,679064,477780,Jonathan,Anna,12159174421,456,072073046,info@Jonathan.com 

35,413330,397144,Stephen,Brenda,59119748730,604,070705353,billing@Stephen.com 

36,824066,342913,Larry,Pamela,59671028703,822,086268029,info@Larry.com 

37,768933,827574,Justin,Emma,15336628709,442,074130252,accounts@Justin.co.uk 

38,397843,126514,Scott,Nicole,19620030547,495,060575964,accounts@Scott.co.uk 

39,306970,918112,Brandon,Helen,51732707693,772,083670013,accounts@Brandon.com 

40,168359,770902,Benjamin,Samantha,32478142040,411,060661041,accounts@Benjamin.co.uk 

41,928343,591236,Samuel,Katherine,50742934915,671,074795096,accounts@Samuel.com 

42,365957,225055,Gregory,Christine,39286698079,739,082919443,billing@Gregory.com 

43,618873,648806,Alexander,Debra,56112636816,383,083750082,billing@Alexander.co.uk 

44,508339,914430,Frank,Rachel,11267570023,409,086823174,billing@Frank.co.uk 

45,234410,049566,Patrick,Carolyn,10514216517,814,064717474,billing@Patrick.com 

46,467236,395743,Raymond,Janet,58135386839,607,065402212,accounts@Raymond.com 

47,706563,067873,Jack,Catherine,38200399035,146,084465518,billing@Jack.com 

48,847124,094101,Dennis,Maria,34370167504,829,076153367,accounts@Dennis.com 

49,943205,866789,Jerry,Heather,34512763244,528,069543147,accounts@Jerry.co.uk 

50,072753,956064,Tyler,Diane,33396362123,189,079804395,billing@Tyler.com 

51,100448,154162,Aaron,Ruth,57267147247,170,069415006,info@Aaron.com 

52,815377,891895,Jose,Julie,30531583753,984,072379519,info@Jose.com 

53,900799,936480,Adam,Olivia,37161322519,496,069177206,info@Adam.com 

54,159963,973786,Nathan,Joyce,37323678443,778,078045401,info@Nathan.co.uk 

55,861465,437502,Henry,Virginia,55538932580,407,065899426,accounts@Henry.co.uk 

56,965048,894005,Douglas,Victoria,53528185274,939,069765623,accounts@Douglas.com 

57,758723,105609,Zachary,Kelly,56725926372,149,074261785,accounts@Zachary.com 

58,732909,924071,Peter,Lauren,55245782868,795,067792720,accounts@Peter.co.uk 

59,236772,963625,Kyle,Christina,39685569591,410,074720757,accounts@Kyle.com 

60,494817,488402,Ethan,Joan,52006234467,819,084316649,info@Ethan.com 

61,036066,434828,Walter,Evelyn,57847445845,927,075431020,info@Walter.com 

62,855412,149560,Noah,Judith,38925775207,991,075651367,accounts@Noah.com 

63,685691,741712,Jeremy,Megan,19191330684,481,077701226,billing@Jeremy.com 

64,844281,115387,Christian,Andrea,32489370666,528,062930280,info@Christian.com 

65,813452,636350,Keith,Cheryl,54578477865,933,077577344,info@Keith.com 

66,212917,685589,Roger,Hannah,37603653991,931,071708709,billing@Roger.co.uk 

67,235089,959393,Terry,Jacqueline,59711477033,421,074689295,billing@Terry.co.uk 

68,857558,135944,Gerald,Martha,37993858301,512,081846618,accounts@Gerald.com 

69,424940,914342,Harold,Gloria,58834253414,178,083858386,info@Harold.co.uk 

70,058385,724216,Sean,Teresa,19875027224,746,087037019,billing@Sean.com 

71,814344,753624,Austin,Ann,19282512486,161,081604904,info@Austin.co.uk 

72,914082,945101,Carl,Sara,59395151664,795,080661319,accounts@Carl.co.uk 

73,779424,146537,Arthur,Madison,53088648362,511,082052974,billing@Arthur.co.uk 

74,790749,722607,Lawrence,Frances,52568553011,760,060761573,billing@Lawrence.com 

75,067713,851310,Dylan,Kathryn,35891091574,549,067467421,info@Dylan.com 

76,909881,062730,Jesse,Janice,33018487266,450,077818694,accounts@Jesse.co.uk 

77,860467,175748,Jordan,Jean,52160112331,229,062301997,billing@Jordan.com 

78,570434,449654,Bryan,Abigail,51285381301,220,061384278,accounts@Bryan.com 

79,348293,011356,Billy,Alice,32064003499,962,089852259,info@Billy.co.uk 

80,795979,317528,Joe,Julia,53144472511,329,064072856,info@Joe.co.uk 

81,999431,452569,Bruce,Judy,11137107087,315,068462760,accounts@Bruce.com 

82,357763,027369,Gabriel,Sophia,58726063558,401,078255237,accounts@Gabriel.co.uk 

83,285820,769247,Logan,Grace,32431391834,369,083080997,accounts@Logan.co.uk 

84,586531,647706,Albert,Denise,19818357762,293,076306566,billing@Albert.com 

85,990848,338677,Willie,Amber,30077542673,864,069922314,billing@Willie.co.uk 

86,490399,136048,Alan,Doris,51641272632,830,071545142,info@Alan.com 

87,488647,837327,Juan,Marilyn,39121719584,710,062735681,accounts@Juan.com 

88,821340,896520,Wayne,Danielle,13857114752,911,081990027,info@Wayne.com 

89,869232,629402,Elijah,Beverly,34141135139,515,083625325,info@Elijah.co.uk 

90,076104,159169,Randy,Isabella,34690032648,798,068366571,info@Randy.co.uk 

91,922822,328417,Roy,Theresa,37248751306,987,085679283,billing@Roy.com 

92,156009,810155,Vincent,Diana,59705234226,466,082809218,accounts@Vincent.co.uk 

93,889652,662901,Ralph,Natalie,37679949917,476,068216554,billing@Ralph.com 

94,789528,098863,Eugene,Brittany,39334231702,872,088494185,accounts@Eugene.com 

95,022785,916230,Russell,Charlotte,58840173998,155,070933839,info@Russell.com 

96,710441,133566,Bobby,Marie,50119070351,421,073679342,info@Bobby.com 

97,898936,917772,Mason,Kayla,18486083991,684,068275043,accounts@Mason.co.uk 
